,price,light-bold,smooth-tannic,dry-sweet,soft-acidic,alcohol_pct,residual_sugar_g/l,acidity_g/l,winery
0,2050.86 kr.,72.213,40.0278,18,20.8148,,,,Marion
1,11500 kr.,61.6076,80.2688,9.65777,82.9995,,,,Giacomo Conterno
2,1100 kr.,85,27.6326,46.497,27.5195,,,,Tedeschi
3,1251.36 kr.,61.3094,77.8291,7.14819,82.4921,,,,Vietti
4,825 kr.,85,19.9018,47.9276,20.3641,,,,Ernesto Ruffo
5,551.19 kr.,62.9817,77.5835,3.59214,82.2477,,,,Giacomo Fenocchio
6,7500 kr.,55.752,45.8563,17.6483,46.1284,14.5,,,Masseto
7,10022.04 kr.,61.8826,64.806,10.8242,54.8703,12.5,,,Tenuta San Guido
8,3071.09 kr.,45.5689,39.5138,19.6554,50.1003,14,,,Soldera
9,1597.34 kr.,82.2484,26.396,50.1406,26.5069,16.5,,,Quintarelli Giuseppe
10,1861.39 kr.,84.4,23.6774,49.9391,24.7806,,,,Zýmē
11,3414.43 kr.,78.2931,20.2669,49.2746,19.32,,,,Quintarelli Giuseppe
12,7448.56 kr.,85,26.0082,54.5732,28.1912,17,,,Quintarelli Giuseppe
13,5165.20 kr.,63.7827,69.4635,9.09049,85,,,,Gaja
14,4022.22 kr.,85,28.1078,52.7147,22.1691,17.5,,,Dal Forno Romano
15,6167.41 kr.,64.3381,77.4755,8.46257,85,,,,Gaja
16,2383.54 kr.,69.4151,41.5222,36.8113,23.8708,16.5,,,Quintarelli Giuseppe
17,7058.25 kr.,42.8514,56.5698,12.7679,63.61,,,,Soldera
18,5888.67 kr.,72.2274,40.4564,12.9354,26.8515,,,,Garbole
19,3595 kr.,51.2809,43.1345,11.9642,48.9864,14,,,Antinori
20,1264.74 kr.,69.4509,21.8387,48.9808,12.6898,,,,Varvaglione
21,248.33 kr.,56.1346,50.3269,0,50.7269,,,,Fattoria di Rodano
22,603.71 kr.,84.3759,46.0927,26.4388,21.8899,,,,Viticoltori de Conciliis
23,366.78 kr.,84.7623,19.3278,59.1403,18.8164,,,,Monte Faustino
24,2312.78 kr.,53.6466,40.7629,17.7539,44.234,,,,Podere Il Carnasciale
25,2500 kr.,59.8794,74.1505,6.09852,83.262,,,,Giuseppe Rinaldi
26,1139 kr.,65.9075,77.3989,14.7813,72.981,,,,Parusso
27,4196.36 kr.,67.5754,82.0528,0,79.9874,,,,Tenuta Carretta
28,2104.15 kr.,45.1065,56.056,8.13978,62.1961,,,,Castiglion del Bosco
29,710.21 kr.,48.75,36.25,17.5,48.75,,,,Tenuta Colle del Giglio
30,999 kr.,85,31.9892,43.4758,18.5457,,,,Zeni
31,,48.1276,61.3865,14.2423,68.0995,,,,La Poderina
32,625.31 kr.,85,32.0349,55.436,17.5,,,,Villa Contea
33,5000 kr.,63.2969,79.502,11.1704,85,14,,,Aldo Conterno
34,6167.41 kr.,63.0573,80.3868,10.7209,85,13.5,,,Gaja
35,368.70 kr.,46.3125,57.2443,14.858,63.643,,,,Scopeto del Cavalli
36,975 kr.,71.2061,40.5614,24.1301,20.2091,,,,Inama Azienda Agricola
37,719.76 kr.,81.8617,18.8963,41.2234,23.8564,,,,Fratelli Giuliari
38,245.50 kr.,46.1821,55.5132,6.89991,62.4643,,,,Terre del Palio
39,189 kr.,68.9496,22.2573,47.1014,11.1188,,,,San Marzano
40,399.39 kr.,85,36.167,35.7152,23.9706,,,,Vallone
41,488.86 kr.,54.9791,53.7015,11.2871,65.0447,,,,Cava d'Onice
42,1773.13 kr.,64.4045,64.813,13.0071,53.9651,15,,,Ornellaia
43,2299 kr.,52.1449,41.1974,14.8636,44.3446,18,,,Antinori
44,1595 kr.,60.5813,68.4937,7.11018,85,,,,Gaja
45,685.27 kr.,85,26.5652,53.8176,23.2517,16.5,,,Brunelli
46,1195 kr.,66.4235,40.3224,26.9687,27.8835,,,,Quintarelli Giuseppe
47,1250 kr.,85,22.8448,53.1769,19.4234,,,,Bussola
48,2197 kr.,53.1201,58.5414,12.0625,64.4031,,,,Casanova di Neri
49,2482.19 kr.,60.7598,46.804,15.2374,43.1092,,,,Ornellaia
50,399 kr.,85,25.4507,48.3716,21.7949,,,,Brunelli
51,1638.68 kr.,67.7385,42.2073,30.5721,30.1897,16,,,Zýmē
52,2000 kr.,54.4799,42.5601,15.349,44.7092,14,,,Le Macchiole
53,1340 kr.,50.2703,59.8879,9.67794,64.821,,,,Valdicava
54,650 kr.,78.1219,30.9351,52.0678,27.8978,16.5,,,Stefano Accordini
55,1299 kr.,51.6646,57.9933,12.7994,61.9741,14.5,,,Il Marroneto
56,2992.09 kr.,58.0508,40.9695,14.523,42.6259,15,,,Biserno
57,695 kr.,85,23.106,51.6652,24.2569,,,,Villa Rinaldi
58,1295 kr.,62.5592,40.771,20.2293,27.0515,14.5,,,Gaja
59,2475 kr.,61.9927,67.0936,11.9607,84.9943,14,,,Gaja
60,179.39 kr.,74.6633,21.9539,47.0101,14.1605,,,,Il Pumo
61,344.41 kr.,53.8329,41.0531,12.8593,45.7514,,,,San Giovenale
62,655.47 kr.,85,26.5895,48.9978,19.3188,,,,Marchesi Fumanelli
63,795 kr.,85,32.3659,41.9064,33.5168,,,,Latium Morini
64,856.58 kr.,85,26.1048,50.8043,21.8787,,,,Masi
65,455 kr.,69.6374,40.7174,18.2435,22.3165,17.5,,,Fasoli Gino
66,1117.28 kr.,68.121,45.2751,17.6451,26.9873,14,,,Gaja
67,2224.88 kr.,53.1769,41.7239,16.9144,43.1633,,,,Tua Rita
68,2099.50 kr.,66.457,79.1558,11.4023,77.6553,14,,,Giacomo Conterno
69,1897.11 kr.,63.4713,81.2618,2.95058,85,,,,Gaja
70,2380.21 kr.,45.6516,61.8174,10.7554,65.2075,,,,Soldera
71,999 kr.,65.7112,65.5605,11.0673,53.15,14.5,,,Antinori
72,1824.90 kr.,53.4388,43.0031,19.8684,46.1474,15,,,Tenuta di Trinoro
73,4958.33 kr.,67.2996,83.7616,14.4904,85,,,,Vietti
74,1289.38 kr.,74.5167,33.7068,29.2086,43.3722,,,,Il Cantiniere d'Italia
75,1124.66 kr.,56.3137,40.1338,6.85587,42.3945,15,,,Tua Rita
76,2942.18 kr.,64.9277,80.2604,10.0012,84.4957,,,,Roberto Voerzio
77,999 kr.,82.4581,24.9258,46.4688,26.7792,,,,Domini Veneti
78,620 kr.,85,33.4757,49.8743,25.0249,,,,Ferragù
79,495.09 kr.,82.4653,25.0293,46.8398,27.0122,,,,Villa Canestrari
80,699 kr.,50.6675,53.5193,11.738,64.3316,,,,Collemattoni
81,1532.17 kr.,46.5471,42.6435,7.8126,49.4776,13,,,Montevertine
82,998.50 kr.,79.9557,21.5796,52.9273,26.9245,,,,Villa Rinaldi
83,274.99 kr.,66.1992,16.1434,43.0259,6.48406,,,,De Feudis
84,489.32 kr.,52.7232,40.8432,7.25848,45.1455,,,,Sant'Agnese
85,428.81 kr.,68.3405,51.0226,24.3807,36.8982,,,,Manara
86,550 kr.,85,26.8747,46.6794,25.243,,,,Castellani Michele
87,999 kr.,85,41.4226,30.9808,29.7145,,,,Gianfranco Fino
88,3682.57 kr.,61.316,78.8191,17.7802,84.8636,14,,,Bruno Giacosa
89,550.16 kr.,75.7478,38.7328,31.7845,24.6035,,,,Fratelli Giuliari
90,997.97 kr.,57.4009,39.8412,0,43.1156,,,,Torciano
91,4431.89 kr.,56.743,75.4328,7.36499,83.4459,,,,Mascarello Giuseppe e Figlio
92,216.66 kr.,85,26.7897,52.1786,24.6191,,,,Soraighe
93,2942.18 kr.,57.898,21.9718,14.9463,64.1713,14.5,,,Roberto Voerzio
94,425 kr.,85,22.2902,46.8579,23.1242,,,,Coali
95,1601.44 kr.,63.1318,75.6635,0.39944,85,14,,,Roagna
96,538.44 kr.,72.1944,80.7963,14.7963,55.3981,,,,Tenuta Argentiera
97,299 kr.,60.8498,74.2284,4.77859,83.9508,,,,Prunotto
98,2370.21 kr.,35.8056,56.7667,11.6389,62.0889,,,,Pian dell'Orino
99,5993.71 kr.,57.5313,72.3478,8.43545,84.5337,,,,Roagna
100,1999 kr.,80.5771,13.7326,45.3532,20.4179,,,,I Campi
101,234.69 kr.,85,17.5,45.6034,17.5,,,,Dieci Terre
102,316.19 kr.,49.9257,29.3564,7.45545,41.1634,,,,Il Crinale
103,2971.98 kr.,53.0036,40.511,1.73677,48.9413,,,,Bibi Graetz
104,3314.98 kr.,65.3398,81.6177,12.2337,85,,,,Domenico Clerico
105,600 kr.,85,18.7596,49.1762,20.1828,,,,Fratelli Vogadori
106,1214.79 kr.,85,30.6469,48.6511,25.6554,,,,Il Canovino
107,,64.5432,82.2387,23.1064,83.8697,14.5,,,Roberto Voerzio
108,3053.91 kr.,58.4928,76.9472,8.39258,84.9511,,,,Bruno Giacosa
109,1406.62 kr.,42.7843,42.9815,12.4667,45.7815,,,,Podere le Ripi
110,600 kr.,68.1145,30.1657,42.6898,34.3223,,,,Le Calendre
111,561.76 kr.,70.3344,43.3734,21.8519,33.6282,,,,Vinchio - Vaglio Serra
112,949.95 kr.,52.2284,60.3292,5.05206,64.9186,,,,Castiglion del Bosco
113,968.31 kr.,60.7307,77.162,11.3482,84.3193,,,,Elio Altare
114,1549.31 kr.,63.867,69.4237,10.6,79.2741,,,,Renato Ratti
115,,85,42.5,17.5,17.5,,,,Mirto
116,1110.07 kr.,50.944,34.7556,32.1716,57.5317,,,,Aneri
117,1723.13 kr.,52.9,53.1,6.7,65.1,,,,Frescobaldi
118,631.83 kr.,57.6863,51.1353,6.69904,48.2818,,,,Tenuta Moraia
119,284.57 kr.,,,,,,,,Lauterbach
120,1068.71 kr.,56.9739,47.0336,0,47.0448,14,,,Le Mortelle
121,407.46 kr.,69.9677,38.7056,5.41935,19.6492,,,,Villa Contea
122,2269 kr.,47.6977,65.3985,0,81.1433,15,,,Elio Altare
123,582.18 kr.,85,22.2044,54.2,21.3444,,,,Domini Veneti
124,560.88 kr.,58.3042,68.479,15.0131,81.4738,,,,Renato Corino
125,362.22 kr.,48.6927,52.9976,6.32557,61.1636,,,,Caparzo
126,976.66 kr.,85,34.9612,44.9547,19.2047,,,,Villa Canestrari
127,2234.57 kr.,49.5533,57.5116,6.39741,61.7361,,,,Col d'Orcia
128,555.15 kr.,59.1649,31.7926,36.0479,32.7979,,,,Terrulenta
129,365 kr.,83.4054,20.3047,47.0723,20.3856,,,,Meroni
130,422 kr.,84.1938,31.374,49.1512,25.2558,,,,Brunelli
131,499 kr.,44.1525,38.6992,0,50.928,,,,Alfredosa
132,516.41 kr.,85,15.6892,43.3513,17.1892,,,,Corte Lenguin
133,765.82 kr.,45.2551,42.5,17.5,42.5,,,,Mocine
134,953 kr.,85,21.576,49.2703,24.1926,,,,Trabucchi d'Illasi
135,610.78 kr.,85,32.4386,30.1462,25.4095,,,,Masseria Frattasi
136,1200 kr.,63.6355,75.732,12.5997,80.4823,,,,Sandrone
137,140 kr.,85,35.3973,54.8356,22.5548,,,,Contramalini
138,,57.7829,59.969,26.9322,64.1938,,,,Bricco Mollea
139,186.14 kr.,77.0888,29.375,39.0214,13.8322,15.5,10,5,Emera
140,349 kr.,85,24.3963,45.9908,22.4596,,,,Gamba
141,775 kr.,51.8697,41.4884,10.2016,44.3949,14,,,Antinori
142,299 kr.,55.0559,36.7017,26.078,57.9992,14.5,13,6,Tenuta Ulisse
143,849.95 kr.,50.3675,57.3242,12.4411,63.491,12.5,,,Casanova di Neri
144,999 kr.,47.7731,54.9093,10.3021,64.2117,14.5,,,Banfi
145,1452.47 kr.,57.0371,42.4811,33.529,42.7861,14.5,,,Oasi degli Angeli
146,680.42 kr.,85,24.138,51.0997,22.144,16.5,7,7,Zenato
147,672.50 kr.,82.9721,21.4917,54.5415,22.6438,,,,Guerrieri Rizzardi
148,1995 kr.,62.154,77.4562,7.85222,82.5543,14,,,Giacomo Conterno
149,1088.36 kr.,58.4099,60.9033,20.2133,51.4216,14,,,Ornellaia
150,1245 kr.,85,24.3538,45.3361,27.7683,,,,Fasoli Gino
151,899 kr.,54.9032,42.1393,10.2196,45.0511,14.5,,,Biserno
152,673.16 kr.,61.952,76.1172,5.93241,84.3497,13.5,,,Borgogno
153,595 kr.,82.6561,27.462,48.2307,26.559,16,12,8,Cà dei Frati
154,299 kr.,55.0559,36.7017,26.078,57.9992,,,,Tenuta Ulisse
155,431.67 kr.,54.3817,48.5969,11.2336,45.2174,,,,Paolo Bea
156,715 kr.,84.5322,20.5416,50.0133,24.3441,,,,Tommasi
157,444.98 kr.,67.2819,63.0758,11.5119,51.4341,,,,Giovanni Chiappini
158,1397.16 kr.,52.7446,44.4669,10.6009,46.1019,15,,,Fontodi
159,973.95 kr.,49.6539,57.041,10.2808,64.9752,14.5,,,Antinori
160,1099 kr.,52.0952,58.192,12.8598,62.7391,14.5,,,Tenuta CastelGiocondo
161,138.36 kr.,62.5798,34.4319,41.8201,38.887,,,,Guerrieri
162,649 kr.,53.8816,38.6542,25.2792,55.6579,14.5,,,Dal Forno Romano
163,573.61 kr.,46.2948,32.6319,21.7654,53.8011,,,,Quintarelli Giuseppe
164,426.21 kr.,85,47.2975,34.6579,25.3076,,,,G. Milazzo
165,1020.45 kr.,51.511,59.3985,10.113,65.3508,15,,,Gaja
166,2299 kr.,71.0245,21.6092,47.3091,32.4863,15.5,,,Tommasi
167,1202.80 kr.,85,27.6296,45.6913,20.3391,,,,Accordini
168,599.80 kr.,62.5957,70.2716,9.39267,83.9573,15,,,Marchesi di Gresy
169,705.83 kr.,85,24.3855,56.2246,25.4465,,,,Tenuta Sant'Antonio
170,899 kr.,83.9171,25.1614,48.1292,26.2966,,,,Le Guaite di Noemi
171,823.07 kr.,62.6766,84.6162,5.93625,85,14.5,,,Elio Altare
172,505.51 kr.,81.1262,25.6881,54.053,24.771,16.1,,,Le Salette
173,525.33 kr.,65.6542,76.4297,13.0029,83.1184,,,,Anselma Giacomo
174,550 kr.,45.3959,55.8172,8.89371,63.6901,,,,Podere le Ripi
175,327.74 kr.,70.3282,39.7069,29.784,25.1894,,,,Erbhof Unterganzner
176,1200 kr.,58.4474,66.9926,10.4284,85,,,,Bruno Giacosa
177,1994.72 kr.,46.4198,59.468,11.0407,65.6479,,,,Gaja
178,1007.29 kr.,44.6502,55.2196,2.81782,61.1819,,,,Tassi
179,675 kr.,49.684,59.8158,10.1605,64.5346,,,,Podere le Ripi
180,662.92 kr.,63.824,78.0562,4.2432,84.3589,,,,Conterno Fantino
181,399 kr.,81.2699,26.1051,47.5247,28.8741,,,,Ca La Bionda
182,430.95 kr.,70.552,74.8205,3.94259,81.1199,,,,Franco Conterno
183,921.75 kr.,67.3425,45.5925,43.5803,19.5986,,,,Desmonta
184,439 kr.,78.3062,31.3985,49.9704,31.6336,,,,Pietro Zardini
185,255 kr.,84.7639,21.3587,46.0333,24.7368,,,,Corte Lenguin
186,844.08 kr.,53.4144,49.5457,10.5773,47.6425,14.5,,,Paolo Bea
187,300 kr.,50.7411,36.8889,26.1178,64.0478,,,,Cascina del Colle
188,332.83 kr.,49.2945,34.0317,11.4098,43.9423,,,,Verrazzano
189,419 kr.,85,26.3049,48.3008,24.974,,,,Brigaldara
190,847.38 kr.,62.534,35.7086,22.1692,25.9736,15,,,Quintarelli Giuseppe
191,3491.51 kr.,64.6373,78.7481,6.33906,84.4422,,,,Roberto Voerzio
192,798 kr.,48.0782,38.1909,12.3644,45.9148,,,,Podere Forte
193,999 kr.,64.9961,72.8278,9.16843,85,,,,La Spinetta
194,1172.22 kr.,66.001,73.9735,11.4163,73.6418,14.5,,,Damilano
195,1995 kr.,85,22.6066,48.2171,24.3247,,,,Buglioni
196,1987.50 kr.,62.6872,77.7359,9.1899,85,,,,Aldo Conterno
197,3017.41 kr.,38.366,40.9381,14.7677,66.4935,,,,Valentini
198,799 kr.,85,47.6012,24.6201,29.5568,15,,,Vinosia
199,3240.12 kr.,62.3598,83.4282,10.007,85,,,,Roberto Voerzio
200,336.20 kr.,82.0122,42.8672,32.4025,29.4619,,,,Tenuta Iuzzolini
201,1575.41 kr.,80.9687,34.0938,32.125,20.2187,,,,Carboni
202,540.44 kr.,48.1214,57.1406,6.67772,63.2122,,,,Poggio Rubino
203,1499 kr.,61.0458,76.762,11.0778,85,,,,Bruno Giacosa
204,444.98 kr.,56.041,42.7219,15.6131,42.6688,15,,,Tenuta di Nozzole
205,931.07 kr.,51.6711,44.6136,17.5954,44.2484,,,,Castello dei Rampolla
206,1050 kr.,62.2822,82.9531,15.1327,85,,,,Vietti
207,2508.32 kr.,60.6082,81.5542,4.07902,85,14,,,Mascarello Giuseppe e Figlio
208,1056.06 kr.,58.7279,79.1258,10.847,82.3406,,,,Giuseppe Rinaldi
209,709 kr.,67.9287,44.5608,33.2612,22.5596,,,,De Stefani
210,489.28 kr.,85,40.6292,31.2604,22.7521,,,,
211,,83.4593,31.3325,45.1208,26.57,15.5,,,Garbole
212,144.43 kr.,66.9645,28.2724,23.2855,23.892,,,,Fratelli Vogadori
213,10022.04 kr.,50.1916,42.8446,13.2075,45.4086,13,,,Castello di Ama
214,856.58 kr.,85,31.597,48.4239,25.3381,,,,Masi
215,399 kr.,60.1675,34.7881,11.4969,34.7917,14.5,,,Poderi del Paradiso
216,1907.03 kr.,55.3117,38.1623,15.1087,40.3613,,,,Tua Rita
217,1109.84 kr.,61.842,80.6958,8.46924,85,,,,Paolo Scavino
218,390.62 kr.,56.5566,64.3711,0,72.4371,,,,La Sala
219,900 kr.,85,25.2675,49.6886,32.6974,,,,Corte Archi
220,1206.01 kr.,47.7524,35.5,17.5752,47.5218,14.5,,,Tenuta Argentiera
221,313.20 kr.,67.6575,72.0772,4.09805,85,,,,Cascina Bruciata
222,1374.96 kr.,46.8357,38.8214,17.15,53.8886,,,,Girlan
223,775 kr.,62.8005,73.6058,1.20485,85,,,,Azelia
224,,64.8617,30.3163,24.5643,59.5982,,,,Franco Roero
225,887.40 kr.,43.1429,51.1607,3.77679,43.4643,15,,,Tili
226,369 kr.,81.8031,29.2681,45.5193,26.6389,,,,Benedetti
227,578.86 kr.,68.8348,19.3581,44.189,23.5937,,,,Meroni
228,300.18 kr.,66.1195,39.7862,31.4642,25.8604,14,,,Erbhof Unterganzner
229,154.58 kr.,40.056,40.6716,0,39.7761,,,,Le Pietrose
230,875.30 kr.,85,28.9132,49.2872,26.75,,,,Edizione Limitata
231,11.75 kr.,56.4087,85,0,85,,,,Osvaldo Viberti
232,950.59 kr.,85,24.8721,46.3223,24.1414,,,,Cesari
233,650 kr.,43.9092,53.2838,11.5242,65.5301,13.5,,,Sesti
234,1633.69 kr.,76.8063,26.1637,43.0299,20.9419,16.5,,,Allegrini
235,399.75 kr.,85,25.2993,52.7615,27.0699,,,,Fabiano
236,106.53 kr.,74.1655,34.0554,25.9971,21.1268,,,,Bonazzi Dario e Fabio
237,626.51 kr.,40.5985,25.4206,2.75493,40.8011,,,,Carlo Baccheschi Berti
238,520 kr.,53.2732,61.6639,10.1284,67.1489,14.5,,,Podere le Ripi
239,281 kr.,67.488,39.4503,5.25599,39.0702,,,,Giovanni Montisci
240,375 kr.,85,24.8103,51.0298,21.8512,,,,Montresor
241,946.15 kr.,63.0114,66.5847,21.5106,85,,,,Gaja
242,263.16 kr.,85,24.7519,50.8776,20.8999,,,,Tommasi
243,305.53 kr.,63.7472,40.932,20.7823,44.1683,,,,Toggenburg
244,1593.94 kr.,60.84,79.1594,9.89637,84.3406,,,,Cappellano
245,610.04 kr.,60.2047,71.5009,9.85554,79.8835,,,,Cordero di Montezemolo
246,770.54 kr.,82.8333,19.7442,49.6667,25.533,,,,Montresor
247,1250 kr.,62.4641,75.86,2.38197,83.1968,14,,,Vietti
248,1731.42 kr.,58.5329,47.9204,18.3688,47.0062,,,,Oasi degli Angeli
249,484.16 kr.,51.0193,56.3509,12.5429,64.0467,,,,Fanti
250,144.04 kr.,65.976,40.0582,5.57192,14.7671,,,,Tenute Falezza
251,1053.08 kr.,85,41.572,26.7225,28.4174,,,,Quintodecimo
252,1153.37 kr.,46.1793,54.886,8.83103,62.8086,,,,La Fiorita
253,272.20 kr.,85,17.0833,48.4861,20.6319,,,,Corte Aleardi
254,699 kr.,83.909,30.2778,50.8596,24.7022,,,,Spinosa
255,700 kr.,47.3573,58.2184,8.26174,63.5991,,,,Gaja
256,638.72 kr.,49.407,67.8837,11.8779,56.3721,14.5,,,Stella di Campalto
257,499 kr.,60.9092,81.6209,3.90129,82.3909,,,,Gagliasso
258,246.56 kr.,47.8739,58.1902,0.752185,62.7201,,,,Terralsole
259,236.56 kr.,51.9898,38.8163,4.28809,43.2696,,,,Torciano
260,847.38 kr.,82.5648,37.7228,32.7193,27.3909,,,,Taurino
261,1170.96 kr.,85,37.3248,34.0641,16.9872,,,,Antonio Ferrari
262,431.71 kr.,76.537,19.8672,52.4635,23.685,,,,Tommasi
263,699 kr.,67.8461,48.2115,5,31.1731,,,,I Campi
264,411.04 kr.,46.6081,36.9881,0.56746,42.9434,,,,Talosa
265,976.66 kr.,64.0151,47.1752,21.8348,29.9116,,,,Gravner
266,284.09 kr.,55.7044,48.1691,4.89834,46.2427,13.5,,,Colle Santa Mustiola
267,509 kr.,73.6104,19.565,36.2706,11.9618,,,,Schola Sarmenti
268,364.98 kr.,51.5354,59.8849,5.80124,63.3093,,,,Val di Suga
269,275 kr.,85,22.7412,54.966,22.5406,,,,Corte Alta Fumane
270,1382.61 kr.,45,43.4091,0,42.7273,,,,Castorani
271,1462.19 kr.,27.3766,65.0728,0,66.9399,,,,Stella di Campalto
272,331.46 kr.,58.2438,59.2654,15.608,49.1806,,,,Romanelli
273,160 kr.,66.4175,31.3877,46.5104,23.3936,,,,Fratelli Vogadori
274,279.20 kr.,45.033,35.3312,7.62437,45.2487,,,,Camperchi
275,245 kr.,67.7556,24.5722,42.5833,3.36666,,,,
276,1005.56 kr.,67.2683,71.7332,11.3674,85,14,,,Bruno Rocca
277,252.51 kr.,60.6184,37.2976,19.8315,48.0439,,,,Ernesto Ruffo
278,1452.47 kr.,54.4951,71.5379,6.5892,80.3905,,,,Roagna
279,196.93 kr.,85,21.6816,52.0283,23.1937,,,,Domenico Fraccaroli
280,3314.98 kr.,64.4949,41.9935,19.1065,31.9497,,,,Foradori
281,499 kr.,45.7516,55.9738,8.11388,64.8369,,,,Ciacci Piccolomini d'Aragona
282,552.74 kr.,52.7951,61.4171,8.20732,63.1951,14.5,,,La Rasina
283,300 kr.,85,35.2806,42.0663,25.4133,,,,Corte Aleardi
284,400 kr.,52.7289,46.1615,3.37486,46.5003,,,,Argiano
285,722.66 kr.,65.2377,40.509,21.5689,26.7881,,,,Coppo
286,279.03 kr.,57.8499,48.9673,7.05872,49.9183,,,,Terre Margaritelli
287,812.74 kr.,47.1985,51.9973,12.2291,64.3909,,,,San Felice
288,541.37 kr.,51.1554,62.3826,5.66924,62.0968,,,,Camigliano
289,353.73 kr.,82.8239,40.9273,29.0386,36.5125,,,,Corte Figaretto
290,435.74 kr.,64.0095,77.0652,7.05006,76.8846,,,,Luigi Baudana
291,1443.53 kr.,42.6233,55.9885,3.56098,64.6877,14.5,,,Isole e Olena
292,1700 kr.,61.3749,76.1638,13.6468,83.7053,,,,Vietti
293,1773.13 kr.,83.0869,24.42,47.4723,24.4283,,,,Speri
294,47.43 kr.,59.8553,32.3289,31.6842,19.3947,,,,Ristorante Pie Nie
295,804.44 kr.,64.4085,79.9771,9.94904,82.9809,,,,Aldo Conterno
296,177.06 kr.,67.9324,40.3942,34.6149,17.6757,,,,San Giulio
297,250 kr.,65.7268,37.8657,39.6759,22.875,,,,Fattoria Cabanon
298,145.70 kr.,70.1454,28.3449,24.244,31.1178,,,,Recchia
299,320 kr.,65.7949,67.0158,3.36408,67.9903,,,,Lodali
300,175.97 kr.,55,16.9,0,60,,,,Nizza Silvano
301,369.24 kr.,66.75,85,0,85,,,,Wongraven
302,753.97 kr.,72.1776,44.9508,29.2678,36.7801,,,,Spadafora
303,8542.50 kr.,51.7727,34.6727,7.62727,37.0727,13.5,,,Antinori
304,213.01 kr.,64.6351,17.5,40.7586,10.0431,,,,Attanasio
305,1750 kr.,82.4707,42.0506,20.6522,33.3888,,,,Frank Cornelissen
306,742.06 kr.,62.7792,74.1833,0,79.7707,,,,Oddero
307,2472.50 kr.,61.2323,85,1.36384,85,,,,Gaja
308,127.03 kr.,51.3182,36.0477,9.19091,51.7432,,,,I Tamasotti
309,510.54 kr.,41.5926,30.6829,1.46759,44.2894,,,,Tenuta Casanova
310,994.05 kr.,69.2548,84.7656,0,85,,,,Gaja
311,300 kr.,85,16.7152,50.0902,20.5142,,,,Accordini
312,123.89 kr.,68.1025,26.2578,42.0295,15.6065,,,,Emera
313,675.96 kr.,60.8472,68.8363,4.67265,84.0392,,,,Marchesi di Gresy
314,550 kr.,62.4303,78.3166,6.0836,84.2319,14.5,,,Luigi Einaudi
315,238.62 kr.,84.9768,45.1572,14.3879,35.1727,,,,Barone di Serramarrocco
316,375 kr.,65.917,36.4956,18.8562,25.5727,,,,Marion
317,1830.57 kr.,85,21.7377,50.6821,21.3827,,,,El Pendola
318,700.16 kr.,51.6499,36.9315,18.8494,42.9193,,,,Podere Forte
319,1156.39 kr.,77.2581,16.815,45.6634,25.7861,,,,Musella
320,211.62 kr.,76.7384,48.1782,7.22917,43.2107,,,,Alberto Serenelli
321,378.10 kr.,68.207,44.9126,21.8374,23.8957,,,,Peter Sölva
322,635.29 kr.,54.5575,43.6242,12.8375,46.3619,14,,,La Massa
323,304.94 kr.,46.2288,57.2219,6.46546,62.7418,,,,Villa I Cipressi
324,334.52 kr.,62.3645,38.6084,30.3881,27.222,,,,Le Vigne di San Pietro
325,169 kr.,45.2268,41.744,4.40121,44.813,,,,Cantina Vignaioli del Morellino di Scansano
326,249 kr.,72.3095,38.0655,28.4505,30.3388,,,,Farnese
327,532.66 kr.,50.3312,80.2511,0,82.8896,,,,E. Molino
328,462.52 kr.,40.3264,54.4479,0,68.099,,,,Il Paradiso di Frassina
329,66.60 kr.,36.3159,31.4731,23.4771,50.8495,,,,Fratelli Vogadori
330,587.54 kr.,63.5369,76.3347,7.19226,82.9828,,,,Damilano
331,493.84 kr.,65.1632,75.8395,10.9284,83.9059,,,,Elio Grasso
332,277.26 kr.,55.7457,42.8772,34.4543,45.279,,,,Cantina Zaccagnini
333,184.81 kr.,52.2677,35.6098,0,44.0189,,,,Villa La Ripa
334,288 kr.,66.7,48.3902,15.7357,35.0229,,,,La Stoppa
335,599 kr.,56.6898,43.4526,26.104,50.4361,,,,Cà dei Conti
336,659.43 kr.,64.7328,37.6092,16.2155,25.0144,,,,Moletto
337,459 kr.,85,23.5834,49.9423,22.2667,,,,Stefano Accordini
338,94.31 kr.,61.9962,56.7125,5.24327,46.0567,,,,Cantine Rialto
339,213.15 kr.,42.5,42.5,0,40.86,,,,Castello del Terriccio
340,445 kr.,85,22.9605,48.5944,23.7923,,,,Buglioni
341,758.84 kr.,67.8142,66.9257,0,85,,,,Natale Verga
342,423.25 kr.,68.9828,37.8329,29.5,25.9717,,,,Garbole
343,625 kr.,85,22.383,33.0213,20.2287,,,,Corte San Benedetto
344,656.41 kr.,56.2774,85,0,85,,,,Rivetto
345,479.68 kr.,49.1107,61.0464,13.5536,60.5286,,,,Fuligni
346,386.13 kr.,42.3834,29.137,23.5735,55.7181,,,,Monte del Frá
347,334.81 kr.,58.2737,24.2867,12.6734,66.286,,,,Vietti
348,540.02 kr.,48.7375,51.5695,6.52916,59.8758,,,,Altesino
349,522.17 kr.,65.9009,19.7208,38.1248,58.8424,,,,Luigi Spertino
350,370.95 kr.,85,25.2959,48.9118,23.705,,,,Masi
351,,42.6873,44.2869,21.3768,64.7581,,,,San Lorenzo
352,297.19 kr.,85,20.7827,50.1125,19.8862,,,,Rocca Sveva
353,398.39 kr.,50.9705,47.4537,5.77976,47.0571,,,,Paolo Bea
354,451.85 kr.,69.7897,76.627,0,85,,,,Renato Corino
355,275.62 kr.,64.3361,66.9107,0,74.4467,,,,Gigi Bianco
356,1077.29 kr.,47.4085,46.4683,13.5986,62.7394,,,,Salicutti
357,193.66 kr.,67.6061,39.4511,11.1579,26.5131,,,,Inama Azienda Agricola
358,170.35 kr.,42.6596,36.9539,12.5526,47.4291,,,,Conti Dagostino
359,707.61 kr.,52.0657,43.7064,11.7172,45.6351,,,,Luce della Vite
360,350 kr.,64.0576,73.6397,17.0294,81.6888,,,,Cascina Ballarin
361,2532.51 kr.,63.0966,85,0,85,,,,Giovanni Rosso
362,999 kr.,54.9538,41.6078,25.9834,39.9994,,,,Vicchiomaggio
363,108.33 kr.,44.0593,35.8916,5.75322,42.7402,,,,Banfi
364,975 kr.,61.4762,72.6724,5.51802,83.4324,,,,Luigi Oddero
365,365.57 kr.,65.4395,76.3169,15.7948,83.8017,,,,Nino Negri
366,662.92 kr.,63.812,76.2086,5.8434,81.419,,,,Renato Ratti
367,1265.88 kr.,64.2616,50.7181,21.333,45.2239,14.5,,,Luce della Vite
368,816.54 kr.,43.5465,42.5,0,42.5,,,,Ampeleia
369,415.33 kr.,84.2034,24.625,41.1229,19.3559,,,,Tony Sasa
370,509.46 kr.,45.9949,43.1858,11.8729,47.4422,,,,Vecchie Terre di Montefili
371,665.55 kr.,59.974,73.252,4.32138,85,,,,Parusso
372,250.83 kr.,63.2581,49.7041,7.03243,39.2622,,,,Leonucci
373,119 kr.,66.9779,19.93,46.0049,9.75425,,,,Menhir
374,417.12 kr.,48.3255,33.916,7.78988,46.1454,,,,Gualdo del Re
375,936.66 kr.,42.8464,38.3184,13.0504,53.3991,,,,Marramiero
376,247.66 kr.,85,25.9691,48.6697,25.3596,,,,Filippini
377,100.93 kr.,44.7701,41.9634,7.4652,61.5769,,,,Solatione
378,299 kr.,52.531,39.9848,9.60722,49.2432,,,,Fattoria Le Fonti
379,299 kr.,62.3094,77.9186,1.14389,85,,,,Travaglini
380,148.23 kr.,62.9344,17.8538,16.347,67.1735,,,,Stella Giuseppe
381,329.23 kr.,64.1163,79.6047,4.96752,83.4458,,,,Brezza
382,364.37 kr.,43.2697,53.7134,13.0046,63.5312,,,,Talenti
383,210.25 kr.,67.5,43.2843,10.1912,17.5,,,,Castello di Razzano
384,133.06 kr.,58.7789,33.9904,6.70192,64.4872,,,,Moretti Adimari
385,153.63 kr.,85,39.4012,39.9244,24.6919,,,,Salvatore Tamburello
386,221.51 kr.,59.3125,34.375,42.5,34.375,,,,Villa Morago
387,1074.48 kr.,44.25,30.0944,4.20556,33.8667,,,,Arnaldo-Caprai
388,335.19 kr.,63.2277,76.1518,12.7392,84.0955,,,,Fontanafredda
389,8007.20 kr.,64.1093,75.3074,7.48802,84.5199,14.5,,,Ceretto
390,325.48 kr.,57.3891,40.2984,0,36.7344,,,,La Casa di Bricciano
391,580.99 kr.,61.3044,53.5127,6.73665,38.7546,,,,Bressan
392,147.67 kr.,59.8443,37.0778,8.89858,21.5142,,,,Corte Fornaledo
393,,58.6005,31.8152,18.5679,42.0707,,,,Massimo Penna Viticoltore
394,278.37 kr.,68.4701,26.3392,44.5429,11.5832,,,,Luccarelli
395,288.74 kr.,69.0284,27.4294,47.7434,16.0956,,,,Terra Rossa
396,200 kr.,67.9415,23.4433,46.233,11.5024,,,,Luccarelli
397,297 kr.,85,23.5684,50.2442,24.1994,,,,Latium Morini
398,499 kr.,84.7483,44.4425,28.7637,27.8159,14.5,,,Argiolas
399,399 kr.,69.1797,24.5115,44.9038,12.8952,,,,Gianfranco Fino
400,366.97 kr.,65.7029,40.2779,27.4223,25.9072,15,,,Zýmē
401,343.13 kr.,72.2477,40.1285,40.8458,12.3084,,,,Vigneti di Theo
402,143.46 kr.,69.8202,19.9583,47.1006,10.2523,,,,San Marzano
403,495 kr.,65.6433,39.333,22.1928,24.3013,15,,,Allegrini
404,699 kr.,49.4961,55.6905,6.95484,63.8013,,,,Poggio Antico
405,425 kr.,85,23.9925,52.6952,22.2347,,,,Guerrieri Rizzardi
406,1340.74 kr.,61.7976,61.1084,1.94578,55.0452,13.5,,,Ornellaia
407,751.86 kr.,85,23.1243,48.9299,21.8885,,,,Masi
408,791.41 kr.,51.5146,45.3784,10.7964,47.8581,13.5,,,Capannelle
409,1127.90 kr.,69.5787,70.4075,17.2106,53.7697,15,,,Ornellaia
410,349 kr.,85,23.0279,48.0877,20.5514,15.4,,,Zeni
411,1395 kr.,64.9235,79.5282,9.73803,83.2193,,,,La Spinetta
412,636.11 kr.,50.6316,57.5672,11.7946,62.8929,14.5,,,Luce della Vite
413,550 kr.,47.6502,57.7254,6.17426,65.6425,13.5,,,Altesino
414,999 kr.,63.2333,78.2962,7.14421,85,,,,Pio Cesare
415,1264.85 kr.,59.735,57.8952,1.20659,48.6736,14.5,,,Ornellaia
416,439 kr.,85,25.8266,47.9462,22.6099,,,,Tenuta Sant'Antonio
417,700 kr.,53.296,42.5514,14.0395,44.6604,13.5,,,Petrolo
418,325 kr.,67.3321,40.3723,21.305,27.4313,14.5,,,Marion
419,323.79 kr.,85,22.3855,50.0064,24.0652,,,,Pieropan
420,334.78 kr.,65.9389,38.0306,22.89,25.2329,15,,,47 Anno Domini
421,339.98 kr.,70.1123,37.4056,26.1971,26.863,15.5,,,Endrizzi
422,512.46 kr.,62.8525,76.9915,7.53815,84.5381,,,,Paolo Scavino
423,895 kr.,54.5007,60.9617,14.2888,64.4741,15.5,,,Banfi
424,995 kr.,63.3424,71.066,6.65303,85,12.5,,,La Spinetta
425,460.32 kr.,84.6452,22.8527,51.6415,23.8758,,,,Cesari
426,294.77 kr.,85,38.5982,35.703,18.5691,,,,Selezione Fellini
427,257.19 kr.,84.7981,23.9557,49.45,21.7209,,,,Cecilia Beretta
428,599 kr.,48.9845,43.4645,12.4861,48.9202,,,,Castellare
429,364.23 kr.,60.4509,42.5278,4.82037,46.8389,,,,Luminosità
430,424.60 kr.,62.5591,66.3647,6.53459,75.8877,13.5,,,Fontanafredda
431,281.85 kr.,50.5468,42.7148,10.7758,47.2094,13.5,,,Banfi
432,1632.34 kr.,38.2546,43.9537,19.2037,46.5532,,,,Soldera
433,349 kr.,50.2612,50.4934,11.0517,65.7845,15.5,,,Pasetti
434,449.32 kr.,67.5,18.1921,53.6158,8.22986,,,,Antonio Ferrari
435,670.37 kr.,61.1936,72.609,13.1144,81.0686,,,,Renato Ratti
436,825 kr.,49.6674,58.8258,4.43623,66.1845,14.5,,,Mastrojanni
437,372 kr.,49.4081,55.0191,7.37733,62.9624,13.5,,,Donatella Cinelli Colombini
438,484.31 kr.,66.0009,84.2358,20.8929,85,,,,Travaglini
439,439 kr.,82.9605,29.8006,54.209,23.9765,,,,Cesari
440,260.70 kr.,83.2693,22.8009,49.3601,26.4857,15.5,12,5.7,Villabella
441,799 kr.,56.2623,56.4481,7.97405,67.3185,14.5,,,Ciacci Piccolomini d'Aragona
442,1810 kr.,63.851,75.3978,6.13928,85,,,,Elio Grasso
443,259 kr.,71.5213,24.5703,40.7024,9.2088,,,,Vigne di San Donaci
444,4373 kr.,57.9245,80.4228,5.46113,85,14,,,Giuseppe Rinaldi
445,1100 kr.,53.7008,43.9496,14.0595,48.0379,,,,Duemani
446,614.51 kr.,50.991,38.3446,23.6311,45.0391,14.5,,,Tenuta Castiglioni
447,484.16 kr.,62.2033,74.6788,7.0759,84.3366,,,,Ceretto
448,3314.98 kr.,64.3161,76.5522,9.30685,81.1802,,,,Aldo Conterno
449,222.71 kr.,64.2716,36.5946,20.2061,28.3931,,,,Brunelli
450,558.64 kr.,50.4591,42.3681,9.77805,47.8949,14.5,,,Bibi Graetz
451,669.63 kr.,55.2649,43.5241,12.5827,45.1627,14.5,,,Castello del Terriccio
452,1099 kr.,61.7726,77.1788,5.91016,81.5465,,,,Rocche dei Manzoni
453,553.11 kr.,49.0098,55.8168,9.57472,61.5424,,,,Lisini
454,244.13 kr.,84.7483,37.7752,37.3188,18.6409,,,,Franco Rizzello
455,758.84 kr.,61.458,75.302,9.56354,84.7752,,,,Alessandro e Gian Natale Fantino
456,538.16 kr.,45.3592,58.9939,8.55529,63.2708,14.5,,,Salicutti
457,662.92 kr.,85,19.6245,49.4807,18.4839,,,,Vaona
458,1324.78 kr.,64.7155,59.4533,2.70977,46.931,14.5,,,Ornellaia
459,1499 kr.,55.945,46.4526,16.8828,47.4667,14.5,,,Rocca di Frassinello
460,1299 kr.,64.4091,74.4124,9.84992,85,,,,La Spinetta
461,228.24 kr.,68.5984,26.7704,43.4258,13.148,14,,,Luccarelli
462,816.95 kr.,53.2972,55.3881,8.12224,61.5422,,,,Bueno
463,505.90 kr.,53.6256,42.64,7.52028,50.0239,14,,,Paolo Bea
464,358.16 kr.,52.2718,57.5189,8.67838,62.4879,,,,Cantine Leonardo da Vinci
465,754.69 kr.,52.3976,43.0176,12.1976,43.9086,15,,,Poggio Al Tesoro
466,379 kr.,52.9853,36.6338,10.7585,41.8219,14,,,Umberto Cesari
467,399 kr.,85,23.5632,50.2677,26.1005,,,,Farina
468,664.70 kr.,41.2258,34.3387,11.7823,57.8306,,,,Brigaldara
469,700 kr.,60.5943,68.5479,6.0179,83.8583,,,,Bruno Rocca
470,349 kr.,85,25.431,49.6146,25.97,,,,Venturini
471,140.78 kr.,72.7386,22.5343,38.0645,16.4976,,,,Maccone
472,383.60 kr.,42.3185,39.414,7.15318,49.2845,13.5,,,Poggio di Sotto
473,2044.63 kr.,51.1785,71.6627,12.0137,81.8247,14,,,Comm. G.B. Burlotto
474,591.56 kr.,85,24.2327,50.5844,21.8657,,,,Masi
475,156.75 kr.,71.5796,24.997,41.5962,15.8759,,,,Pliniana
476,679 kr.,58.8971,74.6984,10.305,82.4271,14.5,,,Cordero di Montezemolo
477,1180.55 kr.,61.8168,58.0795,7.96143,57.7008,,,,Aldo Conterno
478,293.54 kr.,85,22.0059,47.7161,22.6701,,,,Fattori
479,361.11 kr.,39.9238,39.4481,12.7462,46.6585,,,,Tenuta delle Macchie
480,385.87 kr.,67.9026,21.1846,36.5756,9.54796,,,,Cantele
481,510.23 kr.,66.6303,78.6886,9.80143,83.2594,14.5,,,Mauro Molino
482,294.26 kr.,55.8673,40.4584,20.4358,44.315,13.5,,,Ruffino
483,408.39 kr.,67.8324,36.4802,12.0412,28.4282,,,,Anselmet
484,720.39 kr.,85,22.1595,45.4942,20.8303,,,,Villa Erbice
485,603.48 kr.,50.8685,34.1951,20.0007,55.4812,,,,Pasqua
486,588.10 kr.,51.5021,60.1618,10.2153,65.6548,,,,La Serena
487,502.76 kr.,67.1212,44.5984,25.2859,41.0561,,,,Severino Garofano
488,2569.75 kr.,63.4506,81.4231,10.3896,85,,,,Roberto Voerzio
489,671.64 kr.,57.6184,50.7151,13.4384,47.4497,14,,,Le Macchiole
490,322.09 kr.,67.7717,19.4018,52.3199,19.9428,,,,Gianfranco Fino
491,1700 kr.,63.4472,79.8002,14.2598,82.8616,,,,Roberto Voerzio
492,633.13 kr.,52.0247,40.6376,9.61045,44.899,,,,Le Macchiole
493,350 kr.,45.0106,56.9265,2.81061,64.8769,,,,Le Potazzine
494,455.65 kr.,66.1942,37.0071,22.0609,42.3058,,,,Giotto Bini - Serragghia
495,202.38 kr.,60.7071,49.5718,9.13475,44.2255,,,,Villa Mongalli
496,1773.13 kr.,57.6655,52.5426,5.80559,45.0686,13.5,,,Arnaldo-Caprai
497,669.03 kr.,45.5882,60.4274,8.65894,66.2124,14.5,,,Siro Pacenti
498,437 kr.,85,20.3613,52.073,22.3614,,,,Roberto Mazzi
499,540.28 kr.,82.4765,24.5807,52.0242,27.6659,,,,Monte Dall'Ora
500,610.78 kr.,47.779,58.8047,9.36773,63.6244,,,,Mastrojanni
501,330 kr.,84.1444,18.651,49.3138,27.1657,,,,Tenute Fiorebelli
502,578 kr.,63.3535,77.216,8.39561,79.7502,,,,Parusso
503,899 kr.,84.0701,48.121,29.1226,31.0959,15.5,,,Passopisciaro
504,299 kr.,64.6116,40.7656,9.59083,42.6548,,,,Morami
505,857.55 kr.,50.8072,49.1518,4.22471,49.1268,13.5,,,Querciabella
506,597.93 kr.,61.1389,80.8667,1.11667,79.8222,,,,Moscone Brothers
507,766.08 kr.,61.1585,75.2203,0,81.3534,14,,,Prunotto
508,943.84 kr.,70.4375,62.625,9.1875,62.25,,,,Bueno
509,495 kr.,85,20.205,49.6773,25.8073,,,,La Giaretta
510,609 kr.,67.5697,35.4457,38.2306,15.8835,,,,Bussola
511,617.19 kr.,63.2997,72.2061,5.29899,82.2082,,,,Michele Chiarlo
512,521.40 kr.,66.6942,79.9938,6.85254,84.98,,,,Domenico Clerico
513,399.81 kr.,50.0281,57.6604,9.39147,67.1053,,,,Casanova di Neri
514,4078.79 kr.,60.0856,74.5124,14.8704,81.9777,0,,,Giuseppe Rinaldi
515,399 kr.,66.517,72.6477,9.86573,54.7731,,,,Podere Sapaio
516,484.16 kr.,55.3857,46.3499,15.3258,44.8824,,,,Casanova di Neri
517,207.35 kr.,85,36.571,36.7928,22.9377,,,,Castel di Salve
518,644.45 kr.,66.7592,65.069,9.2551,51.1567,,,,Michele Satta
519,452.17 kr.,52.845,53.7956,7.9781,63.151,,,,Il Valentiano
520,319.47 kr.,54.1052,43.5196,8.12649,47.0932,,,,Petra
521,240.90 kr.,65.4625,36.819,27.2219,24.6233,,,,Il Calepino
522,140.66 kr.,81.5441,42.0503,26.6212,29.1451,,,,Masseria Cardillo
523,268 kr.,46.3445,57.6859,7.43679,64.4293,,,,Donatella Cinelli Colombini
524,156.53 kr.,68.168,21.1574,45.0296,9.66955,,,,Varvaglione
525,1233.48 kr.,44.8253,53.9464,5.61702,61.7703,,,,Ruffino
526,186.05 kr.,69.3396,21.6666,42.9898,7.64344,,,,Luccarelli
527,340 kr.,82.445,20.6088,56.7568,22.8248,,,,Roberto Mazzi
528,222.90 kr.,62.0926,23.2944,12.8046,67.0051,,,,Scagliola
529,849 kr.,53.5209,40.8804,13.2174,45.3415,14,,,Mazzei
530,466.28 kr.,50.6223,66.066,0,67.9469,13,,,Castello Romitorio
531,823.07 kr.,55.0212,42.1841,12.2017,43.3746,14,,,Tenuta Argentiera
532,319.92 kr.,65.5029,40.914,20.9753,26.3711,14.5,,,Maculan
533,294.93 kr.,67.8592,30.3403,52.2206,13.6184,,,,Terre di San Vincenzo
534,397.01 kr.,75.5063,22.2405,43.9188,33.7331,,,,Eleva
535,672.69 kr.,47.9167,55.8788,0,64.3485,,,,Marcus Aurelius
536,214.45 kr.,74.7939,47.7939,23.8554,38.2461,,,,Caven
537,528 kr.,49.7191,60.6515,6.45695,62.9745,,,,Donatella Cinelli Colombini
538,1773.13 kr.,49.5053,47.5311,11.4145,47.5173,14.5,,,San Giusto a Rentennano
539,261.84 kr.,55.6424,34.8159,5.4467,37.5736,,,,Fattoria la Parrina
540,409 kr.,63.5355,78.2128,4.91967,85,,,,Abbona
541,536.90 kr.,60.8409,79.6588,12.255,81.6581,14,,,Renato Ratti
542,666.65 kr.,84.2927,28.0038,46.3219,25.1144,,,,Cesari
543,194.96 kr.,61.153,48.7086,12.5237,43.304,15.5,,,Villa Mongalli
544,895 kr.,46.9278,54.4048,7.79964,64.5289,0,,,San Filippo
545,882.28 kr.,63.8678,76.1314,6.06329,83.7723,,,,Gaja
546,112.40 kr.,47.8713,34.1996,19.0467,46.0717,,,,Guerrieri
547,107.36 kr.,65.273,40.7792,44.914,21.5119,,,,Bera
548,639.38 kr.,56.5607,42.6658,9.71204,47.5709,,,,Jacopo Biondi-Santi
549,397.95 kr.,85,24.3704,51.5081,20.7639,,,,Casa Vinicola Bennati
550,424.57 kr.,56.4729,62.4417,11.2693,85,,,,Piero Busso
551,212.87 kr.,77.7251,42.9993,20.3522,33.9073,14,,,Barone di Serramarrocco
552,669.05 kr.,49.162,56.8975,8.17935,64.3707,,,,Tassi
553,330.75 kr.,59.5491,58.9039,0,76.2188,,,,Rocche dei Barbari
554,418.92 kr.,55.97,45.6145,8.41909,48.5818,,,,Fuori Mondo
555,1117.28 kr.,46.6038,61.5286,14.0852,65.1017,,,,Castello di Ama
556,700 kr.,50.4767,39.8372,23.5163,46.9581,,,,Antinori
557,348 kr.,44.2008,56.8993,7.07998,57.7601,,,,Collelceto
558,568.71 kr.,62.4992,36.2669,28.5054,36.0399,,,,Russo
559,540.77 kr.,54.7658,56.6284,6.31533,65.5478,,,,Avignonesi
560,183.61 kr.,47.2752,61.5516,7.48134,61.592,,,,Baccinetti
561,260.15 kr.,53.9805,54.0757,4.47077,64.9015,,,,Poggio Alla Sala
562,594.35 kr.,56.25,44.9211,0,44.5066,,,,Antinori
563,390 kr.,62.9656,72.2133,11.5073,78.88,,,,Enzo Boglietti
564,391.27 kr.,84.9391,26.6878,50.4782,22.6339,,,,Nicolis
565,1242.87 kr.,60.6661,67.6604,10.2959,85,13,,,Bruno Giacosa
566,349.12 kr.,85,22.5533,53.239,20.3842,,,,Monte Faustino
567,528.10 kr.,71.2082,78.7696,17.5755,76.7359,,,,Dirupi
568,215.26 kr.,69.3021,20.5187,45.4705,10.3189,,,,San Marzano
569,600 kr.,50.7991,39.087,4.51451,44.7835,,,,Castello di Querceto
570,220.50 kr.,43.9527,50.073,7.31173,52.3971,,,,I Selvatici
571,409.67 kr.,84.3998,39.9554,30.2371,26.7491,,,,Duca di Salaparuta
572,669 kr.,61.1351,72.0394,0,85,,,,Orlando Abrigo
573,436.78 kr.,63.4362,78.8423,3.35622,84.1373,14.5,,,Andrea Oberto
574,355 kr.,84.1672,31.1986,43.4264,27.8259,,,,Corte Rugolin
575,287.91 kr.,85,32.7027,53.9865,21.3851,,,,Monte Cillario
576,549 kr.,51.1868,61.0695,7.43937,64.332,,,,Tenuta Il Poggione
577,295 kr.,49.4152,62.5263,9.87719,64.9167,,,,Montemercurio
578,120.15 kr.,64.4371,39.9862,44.4843,19.8048,,,,Ca'Montebello di Scarani Luigi
579,342.64 kr.,48.4493,31.7138,11.9022,43.4167,,,,Luiz Barichello
580,679 kr.,62.5436,38.4212,18.3724,25.5015,15,,,Elio Altare
581,246.89 kr.,49.9216,40.1863,27.4412,65.5392,,,,Biagi
582,376.25 kr.,62.1753,55.8492,5.11313,49.5363,,,,Azienda Agricola Lunelli
583,383.14 kr.,77.4237,20.2582,53.6849,20.3031,,,,Monte Faustino
584,307.52 kr.,84.8066,48.6193,27.4237,29.9743,,,,Eubea
585,192.40 kr.,85,25.1131,46.0986,27.8783,,,,Corte Figaretto
586,,66.7459,79.0004,1.61606,82.5195,,,,Bartolo Mascarello
587,6167.41 kr.,64.9949,77.437,4.59515,83.7491,,,,Conterno Fantino
588,350 kr.,58.8178,45.3238,2.7003,46.8871,15,1.7,6.8,I Sodi
589,695 kr.,63.689,79.3648,10.0208,85,,,,Pira Luigi
590,533.94 kr.,56.3784,67.5,0,68.6486,14.5,,,La Braccesca
591,1299 kr.,62.7286,77.2098,5.37828,84.0143,,,,Rocche dei Manzoni
592,633.13 kr.,83.9653,44.1081,32.1387,26.1409,,,,Feudi di San Gregorio
593,543.74 kr.,58.0066,67.8321,3.6071,85,,,,Bruno Rocca
594,,55.6947,44.8737,0,43.6,,,,Cantine Russo
595,707.61 kr.,54.7698,44.6173,10.7858,43.7797,,,,Collazzi
596,205.91 kr.,46.5162,57.0281,2.36048,66.0824,,,,Abbadia Ardenga
597,500 kr.,84.2151,25.4197,47.2198,26.5607,,,,Fabiano
598,243.70 kr.,73.8905,36.2676,40.5797,28.7743,,,,Lo Triolet
599,349.02 kr.,85,47.0792,15.4101,35.3381,15,,,Castellucci Miano
